{"is_source_file": true, "format": "HTML", "description": "A complete HTML page for the Database Viewer web application, containing layout, styles, and embedded JavaScript for dynamic database and table browsing, data fetching, and display.", "external_files": ["API endpoints such as /api/databases, /api/{db}/tables, /api/{db}/tables/{table}/data"], "external_methods": ["fetch (built-in browser API)"], "published": [], "classes": [], "methods": [], "calls": ["fetch", "refreshDatabases()", "loadDatabases()", "toggleDatabase()", "loadTables()", "loadTableData()", "renderTable()", "renderCell()", "expandCell()", "setActiveState()", "showLoading()", "showError()", "showEmptyState()"], "search-terms": ["HTML", "Database Viewer UI", "JavaScript DOM manipulation", "Embedded API calls", "Data table rendering", "Expandable cells", "Responsive layout"], "state": 2, "file_id": 6, "knowledge_revision": 15, "git_revision": "6a690595df67ed6981d9fb584f8934fd38286498", "hash": "ee63333a4841bf025439c755a74c9881", "format-version": 4, "code-base-name": "database", "filename": "database/db_visualizer/public/index.html", "revision_history": [{"15": "6a690595df67ed6981d9fb584f8934fd38286498"}]}