{"is_source_file": true, "format": "bash", "description": "A shell script that detects existing database backup files and restores them to various database systems (SQLite, PostgreSQL, MySQL, MongoDB). It includes logic to identify the backup type, check database server availability, and execute appropriate restore commands.", "external_files": ["database_backup.db", "database_backup.sql", "database_backup.archive"], "external_methods": ["ls", "cp", "sudo -u postgres pg_isready", "psql", "mysqladmin", "mysql", "mongosh", "mongorestore"], "published": [], "classes": [], "methods": [], "calls": ["ls /usr/lib/postgresql/", "sudo -u postgres pg_isready", "psql", "mysqladmin ping", "mysql", "mongosh --port ${DB_PORT} --eval \"db.adminCommand('ping')\"", "mongorestore --port ${DB_PORT} --archive=database_backup.archive --drop --quiet", "echo", "exit"], "search-terms": ["restore", "database_backup", "SQLite", "PostgreSQL", "MySQL", "MongoDB", "backup detection", "shell script database restore"], "state": 2, "file_id": 3, "knowledge_revision": 13, "git_revision": "6a690595df67ed6981d9fb584f8934fd38286498", "hash": "d42c3e6cbc3bbd627e3c08afcf4183ec", "format-version": 4, "code-base-name": "database", "filename": "database/restore_db.sh", "revision_history": [{"13": "6a690595df67ed6981d9fb584f8934fd38286498"}]}