{"is_source_file": true, "format": "bash script", "description": "This script automates the detection and backup of various database types including SQLite, PostgreSQL, MySQL, and MongoDB, based on the running environment and configurations.", "external_files": ["/usr/lib/postgresql/", "/var/run/mysqld/mysqld.sock"], "external_methods": ["ls", "sudo", "pg_isready", "mysqladmin", "mysql", "mysqldump", "mongosh", "mongodump"], "published": [], "classes": [], "methods": [], "calls": ["ls /usr/lib/postgresql/", "sudo -u postgres ${PG_BIN}/pg_isready", "mysqladmin ping -h localhost -P ${DB_PORT} --silent", "mysqladmin ping --socket=/var/run/mysqld/mysqld.sock --silent", "mysql -h localhost -P ${DB_PORT} -u ${DB_USER} -p${DB_PASSWORD}", "mysqldump -h localhost -P ${DB_PORT} -u ${DB_USER} -p${DB_PASSWORD} --databases ${DB_NAME} --add-drop-database --routines --triggers --single-transaction", "mysql -h localhost -P ${DB_PORT} -u root -p${DB_PASSWORD}", "sudo mysql --socket=/var/run/mysqld/mysqld.sock -u root -p${DB_PASSWORD}", "mongosh --port ${DB_PORT} --eval \"db.adminCommand('ping')\"", "mongodump --port ${DB_PORT} --db ${DB_NAME} --archive=database_backup.archive --quiet"], "search-terms": ["backup_db.sh", "Database Backup Script", "SQLite backup", "PostgreSQL backup", "MySQL backup", "MongoDB backup", "database detection", "cross-platform database script"], "state": 2, "file_id": 2, "knowledge_revision": 12, "git_revision": "6a690595df67ed6981d9fb584f8934fd38286498", "hash": "d7da372b768c895a33088027314656c3", "format-version": 4, "code-base-name": "database", "filename": "database/backup_db.sh", "revision_history": [{"12": "6a690595df67ed6981d9fb584f8934fd38286498"}]}